tratamento;dosagem_1;dosagem_2;severidade;porcentagem_controle;produtividade
Cypress (difenoconazol + ciproconazol);"0,3 L/ kg p.c./ha";75 + 45 g i.a./ha;51.9;25;2888
Dart (picoxistrobina + tebuconazol);"0,5 L/ kg p.c./ha";60 + 100 g i.a./ha;27.8;60;3288
Nativo (trifloxistrobina + tebuconazol);"0,5 L/ kg p.c./ha";50 + 100 g i.a./ha;29.6;57;3384
Fus?o (metominostrobina + tebuconazol);"0,725 L/ kg p.c./ha";"79,75 + 119,63 g i.a./ha";26.9;61;3345
Fezan Gold (tebuconazol + clorotalonil);"2,5 L/ kg p.c./ha";125 + 1125 g i.a./ha;25.4;63;3506
Armero (mancozebe + protioconazol);"2,25 L/ kg p.c./ha";1125 + 90 g i.a./ha;26.1;62;3494
Blavity (protioconazol + fluxapiroxade);"0,3 L/ kg p.c./ha";84 + 60 g i.a./ha;30.6;56;3484
Elatus (azoxistrobina + benzovindiflupir);"0,2 L/ kg p.c./ha";60 + 30 g i.a./ha;46.3;33;2917
Viovan (picoxistrobina + protioconazol);"0,6 L/ kg p.c./ha   ";"60 + 70,02 g i.a./ha";31;55;3220
Vessarya (picoxistrobina + benzovindiflupir);"0,6 L/ kg p.c./ha";60 + 30 g i.a./ha;40;42;3150
Orkestra SC5 (piraclostrobina + fluxapiroxade);"0,35 L/ kg p.c./ha";"116,55 + 58,45 g i.a./ha";41.7;40;3193
Alade (benzovindiflupir + ciproconazol +difenoconazol);"0,75 L/ kg p.c./ha";"45 + 67,5 + 112,5 g i.a./ha";41.4;40;3125
Ativum (piraclostrobina + epoxiconazol + fluxapiroxade);"0,8 L/ kg p.c./ha";65 + 40 + 40 g i.a./ha;38.2;45;3046
Fox Xpro (bixafen + protioconazol + trifloxistrobina);"0,5 L/ kg p.c./ha";"62,5 + 87,5 + 75 g i.a./ha";28;59;3395
"Evolution (mancozebe + azoxistrobina +protioconazol)";2 L/ kg p.c./ha;1050 + 75 + 75 g i.a./ha;28.1;59;3483
"Cronnos (mancozebe + picoxistrobina +tebuconazol)";"2,5 L/ kg p.c./ha";"1000 + 66,5 + 83,33 g i.a./ha";20.4;70;3620
